{"cameraMode":{"drawMode":0,"name":"Shaded","section":"Shading Mode"},"sceneLighting":false,"audioPlay":false,"sceneViewState":{"showFog":true,"showMaterialUpdate":false,"showSkybox":false,"showFlares":true,"showImageEffects":true,"showParticleSystems":true},"in2DMode":false,"pivot":{"x":0.11777501553297043,"y":-0.04905804991722107,"z":-0.000034615397453308105},"rotation":{"x":0.04305901750922203,"y":0.07396113872528076,"z":0.003198472782969475,"w":-0.9963400363922119},"size":0.44537225365638735,"orthographic":false}